source_id,target_id,raw_cosine,old_score_0to100_onmap_minmax,new_score_0to100_fixed_calibration,old_link_distance_px,new_link_distance_px
deezer:4022917801,deezer:4022917751,0.981,20.0,55.0,78.0,57.0
deezer:4022917801,deezer:4022917771,0.982,26.7,57.7,74.0,55.4
deezer:4022917811,deezer:4022917751,0.982,26.7,57.7,74.0,55.4
deezer:4022917851,deezer:4022917751,0.982,26.7,57.7,74.0,55.4
deezer:4022917881,deezer:4022917871,0.982,26.7,57.7,74.0,55.4
deezer:3148611031,deezer:3148610991,0.982,26.7,57.7,74.0,55.4
deezer:3148611071,deezer:3148611061,0.982,26.7,57.7,74.0,55.4
deezer:4022917791,deezer:4022917751,0.983,33.3,61.3,70.0,53.2
deezer:4022917821,deezer:4022917751,0.983,33.3,61.3,70.0,53.2
deezer:4022917831,deezer:4022917781,0.983,33.3,61.3,70.0,53.2
deezer:4022917781,deezer:4022917741,0.983,33.3,61.3,70.0,53.2
deezer:4022917821,deezer:4022917741,0.983,33.3,61.3,70.0,53.2
deezer:4022917841,deezer:4022917811,0.983,33.3,61.3,70.0,53.2
deezer:4022917891,deezer:4022917741,0.983,33.3,61.3,70.0,53.2
deezer:4022917801,deezer:4022917781,0.983,33.3,61.3,70.0,53.2
deezer:4022917781,deezer:4022917751,0.983,33.3,61.3,70.0,53.2
deezer:4022917901,deezer:4022917801,0.983,33.3,61.3,70.0,53.2
deezer:3148611071,deezer:3148611051,0.983,33.3,61.3,70.0,53.2
deezer:4022917891,deezer:4022917771,0.984,40.0,64.8,66.0,51.1
deezer:4022917851,deezer:4022917741,0.984,40.0,64.8,66.0,51.1
deezer:4022917841,deezer:4022917761,0.984,40.0,64.8,66.0,51.1
deezer:4022917841,deezer:4022917781,0.984,40.0,64.8,66.0,51.1
deezer:4022917851,deezer:4022917791,0.984,40.0,64.8,66.0,51.1
deezer:4022917851,deezer:4022917761,0.984,40.0,64.8,66.0,51.1
deezer:4022917901,deezer:4022917861,0.984,40.0,64.8,66.0,51.1
deezer:3148611011,deezer:3148610991,0.984,40.0,64.8,66.0,51.1
deezer:3148611071,deezer:3148611011,0.984,40.0,64.8,66.0,51.1
deezer:3148611021,deezer:3148611011,0.984,40.0,64.8,66.0,51.1
deezer:4022917791,deezer:4022917781,0.985,46.7,68.3,62.0,49.0
deezer:4022917841,deezer:4022917801,0.985,46.7,68.3,62.0,49.0
deezer:4022917801,deezer:4022917791,0.985,46.7,68.3,62.0,49.0
deezer:4022917781,deezer:4022917761,0.985,46.7,68.3,62.0,49.0
deezer:4022917791,deezer:4022917771,0.985,46.7,68.3,62.0,49.0
deezer:4022917771,deezer:4022917741,0.985,46.7,68.3,62.0,49.0
deezer:4022917801,deezer:4022917741,0.985,46.7,68.3,62.0,49.0
deezer:3148611071,deezer:3148611001,0.985,46.7,68.3,62.0,49.0
deezer:4022917911,deezer:4022917871,0.985,46.7,68.3,62.0,49.0
deezer:3148611041,deezer:3148611011,0.985,46.7,68.3,62.0,49.0
deezer:3148611071,deezer:3148610991,0.986,53.3,71.8,58.0,46.9
deezer:4022917911,deezer:4022917881,0.986,53.3,71.8,58.0,46.9
deezer:4022917891,deezer:4022917851,0.986,53.3,71.8,58.0,46.9
deezer:4022917881,deezer:4022917811,0.986,53.3,71.8,58.0,46.9
deezer:3148611031,deezer:3148611011,0.986,53.3,71.8,58.0,46.9
deezer:4022917751,deezer:4022917741,0.986,53.3,71.8,58.0,46.9
deezer:4022917861,deezer:4022917791,0.986,53.3,71.8,58.0,46.9
deezer:4022917831,deezer:4022917811,0.986,53.3,71.8,58.0,46.9
deezer:4022917831,deezer:4022917801,0.986,53.3,71.8,58.0,46.9
deezer:4022917881,deezer:4022917831,0.986,53.3,71.8,58.0,46.9
deezer:4022917911,deezer:4022917901,0.986,53.3,71.8,58.0,46.9
deezer:3148611021,deezer:3148611001,0.986,53.3,71.8,58.0,46.9
deezer:4022917871,deezer:4022917791,0.987,60.0,75.4,54.0,44.8
deezer:4022917771,deezer:4022917761,0.987,60.0,75.4,54.0,44.8
deezer:4022917761,deezer:4022917751,0.987,60.0,75.4,54.0,44.8
deezer:4022917861,deezer:4022917801,0.987,60.0,75.4,54.0,44.8
deezer:4022917851,deezer:4022917821,0.987,60.0,75.4,54.0,44.8
deezer:3148611051,deezer:3148611001,0.987,60.0,75.4,54.0,44.8
deezer:4022917911,deezer:4022917841,0.987,60.0,75.4,54.0,44.8
deezer:4022917781,deezer:4022917771,0.988,66.7,78.9,50.0,42.7
deezer:4022917821,deezer:4022917771,0.988,66.7,78.9,50.0,42.7
deezer:4022917861,deezer:4022917841,0.988,66.7,78.9,50.0,42.7
deezer:4022917851,deezer:4022917771,0.988,66.7,78.9,50.0,42.7
deezer:4022917891,deezer:4022917821,0.988,66.7,78.9,50.0,42.7
deezer:4022917771,deezer:4022917751,0.988,66.7,78.9,50.0,42.7
deezer:4022917871,deezer:4022917801,0.988,66.7,78.9,50.0,42.7
deezer:4022917831,deezer:4022917771,0.988,66.7,78.9,50.0,42.7
deezer:4022917871,deezer:4022917841,0.988,66.7,78.9,50.0,42.7
deezer:3148611011,deezer:3148611001,0.988,66.7,78.9,50.0,42.7
deezer:3148611051,deezer:3148610991,0.988,66.7,78.9,50.0,42.7
deezer:3148611051,deezer:3148611041,0.988,66.7,78.9,50.0,42.7
deezer:4022917901,deezer:4022917871,0.988,66.7,78.9,50.0,42.7
deezer:4022917901,deezer:4022917881,0.988,66.7,78.9,50.0,42.7
deezer:4022917911,deezer:4022917761,0.988,66.7,78.9,50.0,42.7
deezer:3148611061,deezer:3148610991,0.988,66.7,78.9,50.0,42.7
deezer:3148611001,deezer:3148610991,0.989,73.3,82.4,46.0,40.6
deezer:4022917801,deezer:4022917761,0.989,73.3,82.4,46.0,40.6
deezer:4022917761,deezer:4022917741,0.989,73.3,82.4,46.0,40.6
deezer:4022917861,deezer:4022917831,0.989,73.3,82.4,46.0,40.6
deezer:4022917831,deezer:4022917751,0.989,73.3,82.4,46.0,40.6
deezer:4022917881,deezer:4022917841,0.989,73.3,82.4,46.0,40.6
deezer:4022917891,deezer:4022917751,0.989,73.3,82.4,46.0,40.6
deezer:3148611041,deezer:3148611001,0.989,73.3,82.4,46.0,40.6
deezer:3148611031,deezer:3148611001,0.989,73.3,82.4,46.0,40.6
deezer:3148611051,deezer:3148611031,0.989,73.3,82.4,46.0,40.6
deezer:4022917901,deezer:4022917831,0.989,73.3,82.4,46.0,40.6
deezer:3148611061,deezer:3148611051,0.99,80.0,86.0,42.0,38.4
deezer:3148611051,deezer:3148611011,0.99,80.0,86.0,42.0,38.4
deezer:4022917871,deezer:4022917861,0.99,80.0,86.0,42.0,38.4
deezer:4022917871,deezer:4022917761,0.99,80.0,86.0,42.0,38.4
deezer:4022917831,deezer:4022917761,0.99,80.0,86.0,42.0,38.4
deezer:4022917861,deezer:4022917761,0.99,80.0,86.0,42.0,38.4
deezer:3148611031,deezer:3148611021,0.99,80.0,86.0,42.0,38.4
deezer:3148611051,deezer:3148611021,0.99,80.0,86.0,42.0,38.4
deezer:4022917861,deezer:4022917781,0.99,80.0,86.0,42.0,38.4
deezer:4022917791,deezer:4022917761,0.991,86.7,89.5,38.0,36.3
deezer:4022917911,deezer:4022917831,0.991,86.7,89.5,38.0,36.3
deezer:4022917841,deezer:4022917831,0.991,86.7,89.5,38.0,36.3
deezer:3148611041,deezer:3148611031,0.991,86.7,89.5,38.0,36.3
deezer:3148611061,deezer:3148611031,0.991,86.7,89.5,38.0,36.3
deezer:3148611041,deezer:3148611021,0.991,86.7,89.5,38.0,36.3
deezer:4022917791,deezer:4022917741,0.992,93.3,93.0,34.0,34.2
deezer:3148611061,deezer:3148611021,0.992,93.3,93.0,34.0,34.2
deezer:4022917901,deezer:4022917841,0.992,93.3,93.0,34.0,34.2
deezer:3148611061,deezer:3148611001,0.992,93.3,93.0,34.0,34.2
deezer:3148611061,deezer:3148611041,0.992,93.3,93.0,34.0,34.2
deezer:4022917871,deezer:4022917831,0.993,100.0,96.5,30.0,32.1
